{
  "difficult_number": 250,
  "easy_number": 250,
  "total_rs": 0.346,
  "total_partial_rs": 0.3536040572107166,
  "easy_rs": 0.608,
  "difficult_rs": 0.084,
  "easy_partial_rs": 0.6164,
  "difficult_partial_rs": 0.09080811442143315
}