{
  "difficult_number": 250,
  "easy_number": 250,
  "total_rs": 0.502,
  "total_partial_rs": 0.728289511116673,
  "difficult_rs": 0.308,
  "easy_rs": 0.696,
  "difficult_partial_rs": 0.6400351489093251,
  "easy_partial_rs": 0.8165438733240205,
  "difficult_rs_fn": 0.308,
  "easy_rs_fn": 0.696,
  "total_rs_fn": 0.502,
  "difficult_partial_rs_fn": 0.6400351489093251,
  "easy_partial_rs_fn": 0.8165438733240205,
  "total_partial_rs_fn": 0.728289511116673,
  "#fn": 167
}