{
  "difficult_number": 250,
  "easy_number": 250,
  "total_rs": 0.542,
  "total_partial_rs": 0.5664652547230581,
  "difficult_rs": 0.36,
  "easy_rs": 0.724,
  "difficult_partial_rs": 0.39855114436675115,
  "easy_partial_rs": 0.734379365079365
}