{
  "difficult_number": 250,
  "easy_number": 250,
  "total_rs": 0.486,
  "total_partial_rs": 0.7180852713116889,
  "easy_rs": 0.672,
  "difficult_rs": 0.3,
  "easy_partial_rs": 0.8034529759318783,
  "difficult_partial_rs": 0.632717566691499,
  "easy_rs_fn": 0.672,
  "difficult_rs_fn": 0.3,
  "total_rs_fn": 0.486,
  "easy_partial_rs_fn": 0.8034529759318783,
  "difficult_partial_rs_fn": 0.632717566691499,
  "total_partial_rs_fn": 0.7180852713116889,
  "#fn": 165
}