{
  "difficult_number": 250,
  "easy_number": 250,
  "total_rs": 0.528,
  "total_partial_rs": 0.5505908115609798,
  "difficult_rs": 0.324,
  "easy_rs": 0.732,
  "difficult_partial_rs": 0.35467209931243576,
  "easy_partial_rs": 0.7465095238095238
}