{
  "difficult_number": 250,
  "easy_number": 250,
  "total_rs": 0.554,
  "total_partial_rs": 0.5837719796452986,
  "easy_rs": 0.736,
  "difficult_rs": 0.372,
  "easy_partial_rs": 0.7533428571428571,
  "difficult_partial_rs": 0.4142011021477401
}