{
  "difficult_number": 250,
  "easy_number": 250,
  "total_rs": 0.276,
  "total_partial_rs": 0.47102681615222236,
  "difficult_rs": 0.156,
  "easy_rs": 0.396,
  "difficult_partial_rs": 0.4166768091981927,
  "easy_partial_rs": 0.5253768231062527,
  "difficult_rs_fn": 0.156,
  "easy_rs_fn": 0.396,
  "total_rs_fn": 0.276,
  "difficult_partial_rs_fn": 0.4166768091981927,
  "easy_partial_rs_fn": 0.5253768231062527,
  "total_partial_rs_fn": 0.47102681615222236,
  "#fn": 100
}