{
  "difficult_number": 250,
  "easy_number": 250,
  "total_rs": 0.342,
  "total_partial_rs": 0.36266940660725827,
  "easy_rs": 0.496,
  "difficult_rs": 0.188,
  "easy_partial_rs": 0.5162693804403482,
  "difficult_partial_rs": 0.20906943277416826
}