{
  "difficult_number": 250,
  "easy_number": 250,
  "total_rs": 0.414,
  "total_partial_rs": 0.6412168340383506,
  "difficult_rs": 0.236,
  "easy_rs": 0.592,
  "difficult_partial_rs": 0.5514485089966449,
  "easy_partial_rs": 0.730985159080056,
  "difficult_rs_fn": 0.236,
  "easy_rs_fn": 0.592,
  "total_rs_fn": 0.414,
  "difficult_partial_rs_fn": 0.5514485089966449,
  "easy_partial_rs_fn": 0.730985159080056,
  "total_partial_rs_fn": 0.6412168340383506,
  "#fn": 143
}