{
  "difficult_number": 250,
  "easy_number": 250,
  "total_rs": 0.42,
  "total_partial_rs": 0.44608599534702564,
  "easy_rs": 0.54,
  "difficult_rs": 0.3,
  "easy_partial_rs": 0.5548525096525095,
  "difficult_partial_rs": 0.3373194810415415
}