{
  "difficult_number": 250,
  "easy_number": 250,
  "total_rs": 0.518,
  "total_partial_rs": 0.5369110804089527,
  "difficult_rs": 0.34,
  "easy_rs": 0.696,
  "difficult_partial_rs": 0.36667930367504836,
  "easy_partial_rs": 0.7071428571428571
}