{
  "difficult_number": 250,
  "easy_number": 250,
  "total_rs": 0.326,
  "total_partial_rs": 0.3333115942028985,
  "difficult_rs": 0.1,
  "easy_rs": 0.552,
  "difficult_partial_rs": 0.10928985507246376,
  "easy_partial_rs": 0.5573333333333332
}