{
  "difficult_number": 250,
  "easy_number": 250,
  "total_rs": 0.484,
  "total_partial_rs": 0.7156426748109512,
  "difficult_rs": 0.28,
  "easy_rs": 0.688,
  "difficult_partial_rs": 0.6257815045591545,
  "easy_partial_rs": 0.8055038450627471,
  "difficult_rs_fn": 0.28,
  "easy_rs_fn": 0.688,
  "total_rs_fn": 0.484,
  "difficult_partial_rs_fn": 0.6257815045591545,
  "easy_partial_rs_fn": 0.8055038450627471,
  "total_partial_rs_fn": 0.7156426748109512,
  "#fn": 167
}