{
  "difficult_number": 250,
  "easy_number": 250,
  "total_rs": 0.502,
  "total_partial_rs": 0.7230250474131505,
  "difficult_rs": 0.304,
  "easy_rs": 0.7,
  "difficult_partial_rs": 0.631558420925724,
  "easy_partial_rs": 0.814491673900576,
  "difficult_rs_fn": 0.304,
  "easy_rs_fn": 0.7,
  "total_rs_fn": 0.502,
  "difficult_partial_rs_fn": 0.631558420925724,
  "easy_partial_rs_fn": 0.814491673900576,
  "total_partial_rs_fn": 0.7230250474131505,
  "#fn": 170
}