{
  "difficult_number": 179,
  "easy_number": 250,
  "total_rs": 0.4382284382284382,
  "total_partial_rs": 0.4627389177195753,
  "difficult_rs": 0.2905027932960894,
  "easy_rs": 0.544,
  "difficult_partial_rs": 0.3328118940504534,
  "easy_partial_rs": 0.5557666666666666
}