{
  "difficult_number": 250,
  "easy_number": 250,
  "total_rs": 0.57,
  "total_partial_rs": 0.6060760496626155,
  "easy_rs": 0.756,
  "difficult_rs": 0.384,
  "easy_partial_rs": 0.7696095238095239,
  "difficult_partial_rs": 0.4425425755157074
}