{
  "difficult_number": 200,
  "easy_number": 200,
  "total_rs": 0.515,
  "total_partial_rs": 0.5385084784677754,
  "easy_rs": 0.715,
  "difficult_rs": 0.315,
  "easy_partial_rs": 0.7262896825396825,
  "difficult_partial_rs": 0.35072727439586837
}