{
  "difficult_number": 250,
  "easy_number": 250,
  "total_rs": 0.548,
  "total_partial_rs": 0.5786262912201676,
  "difficult_rs": 0.356,
  "easy_rs": 0.74,
  "difficult_partial_rs": 0.4033097252974782,
  "easy_partial_rs": 0.7539428571428571
}