{
  "difficult_number": 250,
  "easy_number": 250,
  "total_rs": 0.544,
  "total_partial_rs": 0.5820675846912148,
  "easy_rs": 0.748,
  "difficult_rs": 0.34,
  "easy_partial_rs": 0.7635666666666667,
  "difficult_partial_rs": 0.40056850271576283
}