{
  "difficult_number": 250,
  "easy_number": 250,
  "total_rs": 0.496,
  "total_partial_rs": 0.7269519865360018,
  "easy_rs": 0.692,
  "difficult_rs": 0.3,
  "easy_partial_rs": 0.8166468490449404,
  "difficult_partial_rs": 0.6372571240270628,
  "easy_rs_fn": 0.692,
  "difficult_rs_fn": 0.3,
  "total_rs_fn": 0.496,
  "easy_partial_rs_fn": 0.8166468490449404,
  "difficult_partial_rs_fn": 0.6372571240270628,
  "total_partial_rs_fn": 0.7269519865360018,
  "#fn": 167
}