{
  "difficult_number": 250,
  "easy_number": 250,
  "total_rs": 0.594,
  "total_partial_rs": 0.6272939036001204,
  "easy_rs": 0.768,
  "difficult_rs": 0.42,
  "easy_partial_rs": 0.7852206349206349,
  "difficult_partial_rs": 0.46936717227960606
}