{
  "difficult_number": 200,
  "easy_number": 200,
  "total_rs": 0.5375,
  "total_partial_rs": 0.572418360909517,
  "difficult_rs": 0.33,
  "easy_rs": 0.745,
  "difficult_partial_rs": 0.388616483723796,
  "easy_partial_rs": 0.7562202380952381
}