{
  "difficult_number": 250,
  "easy_number": 250,
  "total_rs": 0.606,
  "total_partial_rs": 0.6479572541176125,
  "easy_rs": 0.776,
  "difficult_rs": 0.436,
  "easy_partial_rs": 0.7951709677419353,
  "difficult_partial_rs": 0.5007435404932894
}