{
  "difficult_number": 250,
  "easy_number": 250,
  "total_rs": 0.614,
  "total_partial_rs": 0.6457382317803055,
  "difficult_rs": 0.444,
  "easy_rs": 0.784,
  "difficult_partial_rs": 0.49207805086219847,
  "easy_partial_rs": 0.7993984126984126
}