{
  "difficult_number": 250,
  "easy_number": 250,
  "total_rs": 0.532,
  "total_partial_rs": 0.7496921989661329,
  "easy_rs": 0.724,
  "difficult_rs": 0.34,
  "easy_partial_rs": 0.8423376102065635,
  "difficult_partial_rs": 0.6570467877257018,
  "easy_rs_fn": 0.724,
  "difficult_rs_fn": 0.34,
  "total_rs_fn": 0.532,
  "easy_partial_rs_fn": 0.8423376102065635,
  "difficult_partial_rs_fn": 0.6570467877257018,
  "total_partial_rs_fn": 0.7496921989661329,
  "#fn": 163
}