{
  "difficult_number": 250,
  "easy_number": 250,
  "total_rs": 0.312,
  "total_partial_rs": 0.31761696969696973,
  "difficult_rs": 0.028,
  "easy_rs": 0.596,
  "difficult_partial_rs": 0.03790060606060606,
  "easy_partial_rs": 0.5973333333333334
}