{
  "difficult_number": 250,
  "easy_number": 250,
  "total_rs": 0.548,
  "total_partial_rs": 0.5752886606894578,
  "difficult_rs": 0.356,
  "easy_rs": 0.74,
  "difficult_partial_rs": 0.39869001979161417,
  "easy_partial_rs": 0.7518873015873017
}