{
  "difficult_number": 250,
  "easy_number": 250,
  "total_rs": 0.582,
  "total_partial_rs": 0.6069877692080838,
  "easy_rs": 0.752,
  "difficult_rs": 0.412,
  "easy_partial_rs": 0.7620539682539683,
  "difficult_partial_rs": 0.4519215701621992
}