{
  "difficult_number": 250,
  "easy_number": 250,
  "total_rs": 0.508,
  "total_partial_rs": 0.7332050975447456,
  "difficult_rs": 0.316,
  "easy_rs": 0.7,
  "difficult_partial_rs": 0.6487470133512659,
  "easy_partial_rs": 0.817663181738225,
  "difficult_rs_fn": 0.316,
  "easy_rs_fn": 0.7,
  "total_rs_fn": 0.508,
  "difficult_partial_rs_fn": 0.6487470133512659,
  "easy_partial_rs_fn": 0.817663181738225,
  "total_partial_rs_fn": 0.7332050975447456,
  "#fn": 165
}