{
  "difficult_number": 250,
  "easy_number": 250,
  "total_rs": 0.488,
  "total_partial_rs": 0.7251142073527553,
  "easy_rs": 0.696,
  "difficult_rs": 0.28,
  "easy_partial_rs": 0.8144332714106776,
  "difficult_partial_rs": 0.6357951432948327,
  "easy_rs_fn": 0.696,
  "difficult_rs_fn": 0.28,
  "total_rs_fn": 0.488,
  "easy_partial_rs_fn": 0.8144332714106776,
  "difficult_partial_rs_fn": 0.6357951432948327,
  "total_partial_rs_fn": 0.7251142073527553,
  "#fn": 162
}