{
  "difficult_number": 250,
  "easy_number": 250,
  "total_rs": 0.574,
  "total_partial_rs": 0.6014552497162391,
  "easy_rs": 0.768,
  "difficult_rs": 0.38,
  "easy_partial_rs": 0.7787444444444446,
  "difficult_partial_rs": 0.4241660549880337
}