{
  "input": {
    "self": {},
    "args": {},
    "kwargs": {
      "class_sep": 1000000.0,
      "n_redundant": 0,
      "n_repeated": 0,
      "flip_y": 0,
      "shift": 0,
      "scale": 1,
      "shuffle": false,
      "n_samples": 50,
      "n_classes": 1,
      "weights": null,
      "n_features": 2,
      "n_informative": 2,
      "n_clusters_per_class": 1,
      "hypercube": false,
      "random_state": 0
    }
  },
  "loops": {
    "67": {
      "line": 67,
      "code": "for k, centroid in enumerate(centroids):",
      "loop_var": "k, centroid",
      "control_var": "enumerate(centroids)",
      "iterations": [
        {
          "loop_variables": {
            "k": 0,
            "centroid": "array([-232507.47488081, -354475.41135814])"
          },
          "control_variable": {
            "name": "enumerate(centroids)",
            "value": [
              [
                0,
                [
                  -232507.47488081196,
                  -354475.41135814326
                ]
              ],
              [
                1,
                [
                  -302993.4074998258,
                  461936.6014678177
                ]
              ],
              [
                2,
                [
                  255363.59713847307,
                  -389321.31617685774
                ]
              ],
              [
                3,
                [
                  230842.37555569405,
                  351936.8402067172
                ]
              ]
            ]
          }
        },
        {
          "loop_variables": {
            "k": 1,
            "centroid": "array([-302993.40749983,  461936.60146782])"
          },
          "control_variable": {
            "name": "enumerate(centroids)",
            "value": [
              [
                0,
                [
                  -232507.47488081196,
                  -354475.41135814326
                ]
              ],
              [
                1,
                [
                  -302993.4074998258,
                  461936.6014678177
                ]
              ],
              [
                2,
                [
                  255363.59713847307,
                  -389321.31617685774
                ]
              ],
              [
                3,
                [
                  230842.37555569405,
                  351936.8402067172
                ]
              ]
            ]
          }
        },
        {
          "loop_variables": {
            "k": 2,
            "centroid": "array([ 255363.59713847, -389321.31617686])"
          },
          "control_variable": {
            "name": "enumerate(centroids)",
            "value": [
              [
                0,
                [
                  -232507.47488081196,
                  -354475.41135814326
                ]
              ],
              [
                1,
                [
                  -302993.4074998258,
                  461936.6014678177
                ]
              ],
              [
                2,
                [
                  255363.59713847307,
                  -389321.31617685774
                ]
              ],
              [
                3,
                [
                  230842.37555569405,
                  351936.8402067172
                ]
              ]
            ]
          }
        },
        {
          "loop_variables": {
            "k": 3,
            "centroid": "array([230842.37555569, 351936.84020672])"
          },
          "control_variable": {
            "name": "enumerate(centroids)",
            "value": [
              [
                0,
                [
                  -232507.47488081196,
                  -354475.41135814326
                ]
              ],
              [
                1,
                [
                  -302993.4074998258,
                  461936.6014678177
                ]
              ],
              [
                2,
                [
                  255363.59713847307,
                  -389321.31617685774
                ]
              ],
              [
                3,
                [
                  230842.37555569405,
                  351936.8402067172
                ]
              ]
            ]
          }
        }
      ]
    }
  },
  "name": "make_classification"
}